"name","language","label"
"addr","ar","عنوان السكن"
"addr","be","паштовы адрас"
"addr","bg","адрес"
"addr","ca","adreça"
"addr","cs","poštovní adresa"
"addr","da","adresse"
"addr","de","postanschrift"
"addr","el","ταχυδρομική διεύθυνση"
"addr","en","address"
"addr","es","dirección postal"
"addr","et","aadress"
"addr","fa","نشانی"
"addr","fi","postiosoite"
"addr","fr","adresse postale"
"addr","he","כתובת"
"addr","hr","poštanska adresa"
"addr","hu","postacím"
"addr","id","alamat"
"addr","it","indirizzo"
"addr","ja","住所"
"addr","kn","ವಿಳಾಸ"
"addr","ko","주소"
"addr","lv","pasta adrese"
"addr","ms","alamat"
"addr","nb","adresse"
"addr","nl","postadres"
"addr","pl","adres pocztowy"
"addr","pt","endereço postal"
"addr","pt-br","endereço postal"
"addr","ro","adresă poștală"
"addr","ru","почтовый адрес"
"addr","sk","adresa (pošta)"
"addr","sl","naslov"
"addr","sv","postadress"
"addr","ta","முகவரி"
"addr","tr","adres"
"addr","uk","поштова адреса"
"addr","ur","پتہ"
"addr","vi","địa chỉ"
"addr","zh","地址"
"addr","zh-cn","地址"
"addr","zh-hk","地址"
"addr","zh-tw","地址"
"bench","af","sitbank"
"bench","ar","مقعد حديقة"
"bench","be","лава"
"bench","bg","пейка"
"bench","ca","banc"
"bench","cs","lavice"
"bench","da","bænk"
"bench","de","sitzbank"
"bench","el","παγκάκι"
"bench","en","bench"
"bench","en-ca","bench"
"bench","en-gb","bench"
"bench","es","banco"
"bench","et","pink"
"bench","fa","نیمکت"
"bench","fi","penkki"
"bench","fr","banc"
"bench","he","ספסל"
"bench","hr","klupa"
"bench","hu","pad"
"bench","id","bangku jalan"
"bench","it","panchina"
"bench","ja","ベンチ"
"bench","kn","ಬೆಂಚು"
"bench","ko","벤치"
"bench","lt","suolas"
"bench","ms","bangku"
"bench","nb","benk"
"bench","nl","bank"
"bench","pl","ławka"
"bench","pt","banco"
"bench","pt-br","banco"
"bench","ro","bancă"
"bench","ru","скамья"
"bench","sl","klop"
"bench","sv","bänk"
"bench","tr","bank"
"bench","uk","лава"
"bench","vi","băng ghế"
"bench","zh","長椅"
"bench","zh-cn","长椅"
"bench","zh-tw","長椅"
"bin","en","bin"
"bin","fr","bac"
"bin","it","bidone"
"bin","sl","koš"
"bin","sv","kärl"
"brand:wikidata","af","handelsmerk"
"brand:wikidata","ar","الماركة"
"brand:wikidata","be","брэнд"
"brand:wikidata","bg","марка"
"brand:wikidata","ca","marca"
"brand:wikidata","cs","obchodní značka"
"brand:wikidata","da","mærke"
"brand:wikidata","de","marke"
"brand:wikidata","en","brand"
"brand:wikidata","en-us","brand"
"brand:wikidata","es","marca"
"brand:wikidata","fa","برند"
"brand:wikidata","fi","brändi"
"brand:wikidata","fr","marque"
"brand:wikidata","he","מותג"
"brand:wikidata","hr","zaštitni znak"
"brand:wikidata","hu","márkanév"
"brand:wikidata","id","merek"
"brand:wikidata","it","marca"
"brand:wikidata","ja","ブランド"
"brand:wikidata","ko","브랜드"
"brand:wikidata","lt","ženklas"
"brand:wikidata","nb","merkenavn"
"brand:wikidata","nl","merk"
"brand:wikidata","pl","marka"
"brand:wikidata","pt","marca"
"brand:wikidata","pt-br","marca"
"brand:wikidata","ro","marcă"
"brand:wikidata","ru","бренд"
"brand:wikidata","sl","znamka"
"brand:wikidata","sv","handelsnamn"
"brand:wikidata","ta","வகைக்குறி"
"brand:wikidata","th","ตราสินค้า"
"brand:wikidata","tr","marka"
"brand:wikidata","uk","бренд"
"brand:wikidata","vi","nhãn hiệu"
"brand:wikidata","zh","品牌"
"brand:wikidata","zh-tw","品牌"
"building:levels","ar","عدد الطوابق فوق الأرض"
"building:levels","be","колькасць паверхаў"
"building:levels","bg","етажи"
"building:levels","ca","pisos per sobre el terra"
"building:levels","cs","nadzemní podlaží"
"building:levels","da","etager over jorden"
"building:levels","de","oberirdische stockwerke"
"building:levels","de-at","geschoß"
"building:levels","de-ch","geschoss"
"building:levels","el","αριθμός ορόφων"
"building:levels","en","floors above ground"
"building:levels","en-ca","storey"
"building:levels","en-gb","floors above ground"
"building:levels","es","pisos sobre el suelo"
"building:levels","et","korrus"
"building:levels","fa","طبقات بالای زمین"
"building:levels","fi","maanpäällisiä kerroksia"
"building:levels","fr","nombre de niveaux au-dessus du sol"
"building:levels","he","מספר קומות מעל הקרקע"
"building:levels","hu","felszín feletti szintek száma"
"building:levels","id","lantai atas permukaan"
"building:levels","it","numero di piani"
"building:levels","ja","地上階数"
"building:levels","kn","ಮಹಡಿ"
"building:levels","ko","지상의 층수"
"building:levels","lt","aukštas"
"building:levels","lv","stāvi virs zemes"
"building:levels","mr","जमिनीवरचे मजले"
"building:levels","ms","tingkat di atas tanah"
"building:levels","nb","etasjer over bakken"
"building:levels","nl","verdiepingen boven de grond"
"building:levels","pl","liczba kondygnacji nad ziemią"
"building:levels","pt","andares sobre o solo"
"building:levels","pt-br","andares sobre o solo"
"building:levels","ru","количество этажей"
"building:levels","sk","nadzemné poschodia"
"building:levels","sl","nadstropja nad pritličjem"
"building:levels","sv","våningar"
"building:levels","th","ชั้น"
"building:levels","tr","zemin üzerindeki katlar"
"building:levels","uk","кількість поверхів"
"building:levels","vi","số tầng trên mặt đất"
"building:levels","zh","地上层数"
"building:levels","zh-cn","地上层数"
"building:levels","zh-hk","地上層數"
"building:levels","zh-tw","地上層數"
"contact:email","en","email"
"contact:facebook","en","facebook"
"contact:facebook","en","facebook"
"contact:fax","en","fax"
"contact:fax","en","fax"
"contact:foursquare","en","foursquare"
"contact:google_plus","en","google_plus"
"contact:instagram","en","instagram"
"contact:instagram","en","instagram"
"contact:linkedin","en","linkedin"
"contact:mastodon","en","mastodon"
"contact:phone","en","phone"
"contact:phone","en","phone"
"contact:pinterest","en","pinterest"
"contact:telegram","en","telegram"
"contact:tripadvisor","en","tripadvisor"
"contact:twitter","en","twitter"
"contact:twitter","en","twitter"
"contact:webcam","en","webcam"
"contact:website","en","website"
"contact:yelp","en","yelp"
"contact:youtube","en","youtube"
"cuisine","ar","المطبخ"
"cuisine","be","кухня"
"cuisine","bg","кухня"
"cuisine","ca","cuina"
"cuisine","cs","kuchyně"
"cuisine","da","køkken"
"cuisine","de","küche"
"cuisine","el","κουζίνα"
"cuisine","en","cuisine"
"cuisine","en-gb","cuisine"
"cuisine","es","cocina"
"cuisine","et","köök"
"cuisine","fa","خوان"
"cuisine","fi","ruokakulttuuri"
"cuisine","fr","cuisine servie"
"cuisine","he","מטבח"
"cuisine","hi","पाकशैली"
"cuisine","hu","konyha"
"cuisine","id","hidangan"
"cuisine","it","cucina"
"cuisine","ja","提供料理"
"cuisine","ko","요리법"
"cuisine","lt","pasaulio virtuvės"
"cuisine","lv","virtuve"
"cuisine","mr","पाककला"
"cuisine","ms","masakan"
"cuisine","nb","kjøkken"
"cuisine","nl","keuken"
"cuisine","pl","kuchnia"
"cuisine","pt","cozinha"
"cuisine","pt-br","cozinha"
"cuisine","ro","cuisine"
"cuisine","ru","кухня"
"cuisine","sk","kuchárske umenie"
"cuisine","sl","kuhinja"
"cuisine","sv","kök"
"cuisine","ta","சமையல் பாணி"
"cuisine","th","การปรุงอาหาร"
"cuisine","tr","mutfağı"
"cuisine","uk","кухня"
"cuisine","vi","ẩm thực"
"cuisine","zh","菜系"
"cuisine","zh-cn","菜系"
"currency","af","geldeenheid"
"currency","ar","عملة"
"currency","be","валюта"
"currency","bg","валута"
"currency","ca","moneda"
"currency","cs","měna"
"currency","da","valuta"
"currency","de","währung"
"currency","de-ch","währung"
"currency","el","νομισματική μονάδα"
"currency","en","currency"
"currency","en-ca","currency"
"currency","en-gb","currency"
"currency","es","moneda"
"currency","et","valuuta"
"currency","fa","یکای پول"
"currency","fi","valuutta"
"currency","fr","monnaie"
"currency","he","מטבע"
"currency","hi","मुद्रा"
"currency","hr","valuta"
"currency","hu","pénznem"
"currency","id","mata uang"
"currency","it","valuta"
"currency","ja","通貨"
"currency","kn","ನಗದು"
"currency","ko","통화"
"currency","lt","valiuta"
"currency","lv","valūta"
"currency","ml","നാണയം"
"currency","mr","चलन"
"currency","ms","mata wang"
"currency","nb","valuta"
"currency","nl","valuta"
"currency","pl","waluta"
"currency","pt","padrão monetário"
"currency","pt-br","moeda"
"currency","ro","valută"
"currency","ru","валюта"
"currency","sk","mena"
"currency","sl","valuta"
"currency","sv","valuta"
"currency","ta","நாணயம்"
"currency","th","เงินตรา"
"currency","tr","para birimi"
"currency","uk","валюта"
"currency","ur","فلس"
"currency","vi","tiền tệ"
"currency","zh","通貨"
"currency","zh-cn","通货"
"currency","zh-hk","流通貨幣"
"currency","zh-tw","通貨"
"delivery","be","дастаўка"
"delivery","ca","repartiment"
"delivery","cs","dodávka"
"delivery","da","levering"
"delivery","de","lieferung"
"delivery","en","delivery"
"delivery","es","reparto"
"delivery","fa","تحویل"
"delivery","fi","kuljetus"
"delivery","fr","livraison"
"delivery","he","משלוח"
"delivery","hi","होम डिलीवरी"
"delivery","hu","kézbesítés"
"delivery","id","delivery"
"delivery","it","consegna a domicilio"
"delivery","ja","デリバリー"
"delivery","ko","택배"
"delivery","nb","leveranse"
"delivery","nl","levering"
"delivery","pl","dostawa"
"delivery","pt","entrega ao cliente"
"delivery","ro","livrare"
"delivery","ru","доставка"
"delivery","sl","dostava"
"delivery","sv","distribution"
"delivery","tr","teslimat (ticaret)"
"delivery","uk","доставка"
"delivery","zh","宅配"
"delivery:covid19","be","дастаўка (COVID19)"
"delivery:covid19","ca","repartiment (COVID19)"
"delivery:covid19","cs","dodávka (COVID19)"
"delivery:covid19","da","levering (COVID19)"
"delivery:covid19","de","lieferung (COVID19)"
"delivery:covid19","en","delivery (COVID19)"
"delivery:covid19","es","reparto (COVID19)"
"delivery:covid19","fa","تحویل (COVID19)"
"delivery:covid19","fi","kuljetus (COVID19)"
"delivery:covid19","fr","livraison (COVID19)"
"delivery:covid19","he","משלוח (COVID19)"
"delivery:covid19","hi","होम डिलीवरी (COVID19)"
"delivery:covid19","hu","kézbesítés (COVID19)"
"delivery:covid19","id","delivery (COVID19)"
"delivery:covid19","it","consegna a domicilio (COVID19)"
"delivery:covid19","ja","デリバリー (COVID19)"
"delivery:covid19","ko","택배 (COVID19)"
"delivery:covid19","nb","leveranse (COVID19)"
"delivery:covid19","nl","levering (COVID19)"
"delivery:covid19","pl","dostawa (COVID19)"
"delivery:covid19","pt","entrega ao cliente (COVID19)"
"delivery:covid19","ro","livrare (COVID19)"
"delivery:covid19","ru","доставка (COVID19)"
"delivery:covid19","sl","dostava (COVID19)"
"delivery:covid19","sv","distribution (COVID19)"
"delivery:covid19","tr","teslimat (ticaret) (COVID19)"
"delivery:covid19","uk","доставка (COVID19)"
"delivery:covid19","zh","宅配 (COVID19)"
"email","ar","البريد الإلكتروني"
"email","be","электронная пошта"
"email","bg","имейл"
"email","ca","correu electrònic"
"email","cs","e-mail"
"email","da","e-mailadresse"
"email","de","e-mail-adresse"
"email","el","e-mail"
"email","en","email"
"email","en","email address"
"email","en-ca","email address"
"email","en-gb","email address"
"email","es","correo electrónico"
"email","fa","رایانامه"
"email","fi","sähköpostiosoite"
"email","fr","courriel"
"email","he","דואר אלקטרוני"
"email","hr","adresa e-pošte"
"email","hu","e-mail"
"email","id","alamat surel"
"email","it","indirizzo di posta elettronica"
"email","ja","eメールアドレス"
"email","ko","이메일 주소"
"email","lv","e-pasts"
"email","ml","ഇമെയിൽ വിലാസം"
"email","ms","alamat e-mel"
"email","nb","e-postadresse"
"email","nl","e-mailadres"
"email","pl","adres poczty elektronicznej"
"email","pt","correio eletrónico"
"email","pt-br","correio eletrônico"
"email","ro","e-mail"
"email","ru","электронная почта"
"email","sk","e-mail"
"email","sl","e-pošta"
"email","sv","e-postadress"
"email","th","อีเมล"
"email","tr","e-posta"
"email","uk","електронна пошта"
"email","ur","ای میل"
"email","vi","địa chỉ thư điện tử"
"email","zh","电子邮件地址"
"email","zh-cn","电子邮件地址"
"email","zh-hk","電子郵件地址"
"email","zh-tw","電子郵件地址"
"facebook","af","facebook"
"facebook","ar","فيسبوك"
"facebook","be","facebook"
"facebook","bg","фейсбук"
"facebook","ca","facebook"
"facebook","cs","facebook"
"facebook","da","facebook"
"facebook","de","facebook"
"facebook","de-at","facebook"
"facebook","de-ch","facebook"
"facebook","el","facebook"
"facebook","en","facebook"
"facebook","en","facebook"
"facebook","en-gb","facebook"
"facebook","es","facebook"
"facebook","et","facebook"
"facebook","fa","فیسبوک"
"facebook","fi","facebook"
"facebook","fr","facebook"
"facebook","he","פייסבוק"
"facebook","hi","फेसबुक"
"facebook","hr","facebook"
"facebook","hu","facebook"
"facebook","id","facebook"
"facebook","it","facebook"
"facebook","ja","facebook"
"facebook","kn","ಫೇಸ್ ಬುಕ್"
"facebook","ko","페이스북"
"facebook","lt","facebook"
"facebook","lv","facebook"
"facebook","ml","ഫേസ് ബുക്ക്"
"facebook","mr","फेसबूक"
"facebook","ms","facebook"
"facebook","nb","facebook"
"facebook","nl","facebook"
"facebook","pl","facebook"
"facebook","pt","facebook"
"facebook","pt-br","facebook"
"facebook","ro","facebook"
"facebook","ru","facebook"
"facebook","sk","facebook"
"facebook","sl","facebook"
"facebook","sv","facebook"
"facebook","ta","ஃபேஸ்புக்"
"facebook","th","เฟซบุ๊ก"
"facebook","tr","facebook"
"facebook","uk","facebook"
"facebook","ur","فیس بک"
"facebook","vi","facebook"
"facebook","zh","facebook"
"facebook","zh-cn","facebook"
"facebook","zh-hk","facebook"
"facebook","zh-tw","facebook"
"fax","ar","رقم الفاكس"
"fax","be","нумар факса"
"fax","ca","número de fax"
"fax","cs","fax"
"fax","da","faxnummer"
"fax","de","faxnummer"
"fax","el","αριθμός φαξ"
"fax","en","Fax"
"fax","en","fax number"
"fax","en-ca","fax number"
"fax","en-gb","fax number"
"fax","en-us","fax number"
"fax","es","número de fax"
"fax","et","faksinumber"
"fax","fi","fax-numero"
"fax","fr","numéro de fax"
"fax","he","מספר פקס"
"fax","hu","faxszám"
"fax","id","nomor faks"
"fax","it","numero di fax"
"fax","ja","fax番号"
"fax","ko","팩스번호"
"fax","ms","nombor faks"
"fax","nb","faksnummer"
"fax","nl","faxnummer"
"fax","pl","numer faksu"
"fax","pt","número de fax"
"fax","pt-br","número de fax"
"fax","ro","număr de fax"
"fax","ru","номер факса"
"fax","sl","številka faksa"
"fax","sv","faxnummer"
"fax","tr","faks numarası"
"fax","uk","номер факсу"
"fax","ur","فیکس نمبر"
"fax","vi","số fax"
"fax","zh","传真号码"
"fax","zh-hk","傳真號碼"
"fax","zh-tw","傳真號碼"
"fee","ar","الرسم"
"fee","be","плата"
"fee","bg","плата"
"fee","ca","tarifa"
"fee","cs","poplatek"
"fee","da","afgift"
"fee","de","gebühr"
"fee","de-ch","gebühr"
"fee","en","fee"
"fee","en-ca","fee"
"fee","en-gb","fee"
"fee","es","tarifa"
"fee","fa","دستمزد"
"fee","fi","maksu"
"fee","fr","prix d'accès"
"fee","he","דמי שימוש"
"fee","hi","फ़ीस"
"fee","hr","pristojba"
"fee","hu","használati díj"
"fee","id","bea atau tarif"
"fee","it","tariffa"
"fee","ja","料金"
"fee","ko","요금"
"fee","lt","rinkliava"
"fee","ms","bayaran"
"fee","nb","avgift"
"fee","nl","tarief"
"fee","pl","opłata"
"fee","pt","tarifa"
"fee","pt-br","taxa"
"fee","ro","tarif"
"fee","ru","плата"
"fee","sk","poplatok"
"fee","sl","vstopnina"
"fee","sv","avgift"
"fee","tr","ücret"
"fee","uk","оплата"
"fee","ur","فیس"
"fee","vi","phí tham quan"
"fee","zh","費用"
"fee","zh-hk","費用"
"fee","zh-tw","費用"
"internet_access:ssid","ar","معرف الخدمة المحدد"
"internet_access:ssid","ca","ssid"
"internet_access:ssid","cs","ssid"
"internet_access:ssid","da","service set"
"internet_access:ssid","de","service set"
"internet_access:ssid","en","Wi-Fi"
"internet_access:ssid","en","service set"
"internet_access:ssid","es","ssid"
"internet_access:ssid","et","ssid"
"internet_access:ssid","fi","ssid"
"internet_access:ssid","fr","service set identifier"
"internet_access:ssid","id","service set identifier"
"internet_access:ssid","it","ssid"
"internet_access:ssid","ja","サービスセット識別子"
"internet_access:ssid","ko","서비스 세트 식별자"
"internet_access:ssid","nl","service set identifier"
"internet_access:ssid","pl","ssid"
"internet_access:ssid","pt","ssid"
"internet_access:ssid","ru","ssid"
"internet_access:ssid","uk","ssid"
"internet_access:ssid","zh","服务集标识符"
"internet_access:ssid","zh-hk","服務集標識符"
"level","ar","رقم الطابق"
"level","be","паверх"
"level","ca","pis"
"level","cs","patro"
"level","da","etage"
"level","de","stockwerk"
"level","el","αριθμός ορόφου"
"level","en","floor number"
"level","es","número de piso"
"level","fi","kerrosnumero"
"level","fr","numéro d'étage"
"level","he","מספר קומה"
"level","hu","emelet"
"level","id","lantai"
"level","it","numero del piano"
"level","ja","階数"
"level","ko","층 번호"
"level","lt","aukštas"
"level","lv","stāva numurs"
"level","nb","etasjenummer"
"level","nl","etagenummer"
"level","pl","numer piętra"
"level","pt","número do andar"
"level","pt-br","número do andar"
"level","ru","этаж"
"level","sl","številka nadstropja"
"level","sv","våningsnummer"
"level","tr","kat numarası"
"level","uk","номер поверху"
"level","zh-tw","樓層號碼"
"opening_hours","ar","مفتوح في أيام"
"opening_hours","be","дні працы"
"opening_hours","bg","работно време"
"opening_hours","ca","dies oberts"
"opening_hours","cs","otevírací doba"
"opening_hours","da","åbnet på"
"opening_hours","de","geöffnet an/am"
"opening_hours","el","ημέρες λειτουργίας"
"opening_hours","en","open days"
"opening_hours","en-gb","open days"
"opening_hours","es","días abiertos"
"opening_hours","et","lahtiolekuajad"
"opening_hours","fa","روزهای باز"
"opening_hours","fi","avoinna"
"opening_hours","fr","jours d'ouverture"
"opening_hours","he","פתוח בימים"
"opening_hours","hi","खुलने का समय"
"opening_hours","hr","radno vrijeme"
"opening_hours","hu","nyitvatartás"
"opening_hours","id","hari buka"
"opening_hours","it","giorni di apertura"
"opening_hours","ja","営業日"
"opening_hours","ko","개관 요일"
"opening_hours","lt","darbo valandos"
"opening_hours","lv","darba laiks"
"opening_hours","mr","उघडण्याची वेळ"
"opening_hours","ms","hari buka"
"opening_hours","nb","åpningsdager"
"opening_hours","nl","geopend op"
"opening_hours","pl","otwarte w dniach"
"opening_hours","pt","dias de abertura"
"opening_hours","pt-br","hora de abertura"
"opening_hours","ro","zile deschis"
"opening_hours","ru","дни работы"
"opening_hours","sk","otvárací čas"
"opening_hours","sl","odpiralni dnevi"
"opening_hours","sv","öppetdagar"
"opening_hours","ta","தொடக்க நேரம்"
"opening_hours","th","เวลาให้บริการ"
"opening_hours","tr","açık olduğu günler"
"opening_hours","uk","дні роботи"
"opening_hours","ur","ابتدائی گھنٹے"
"opening_hours","vi","ngày mở cửa trong tuần"
"opening_hours:covid19","ar","مفتوح في أيام (COVID19)"
"opening_hours:covid19","be","дні працы (COVID19)"
"opening_hours:covid19","bg","работно време (COVID19)"
"opening_hours:covid19","ca","dies oberts (COVID19)"
"opening_hours:covid19","cs","otevírací doba (COVID19)"
"opening_hours:covid19","da","åbnet på (COVID19)"
"opening_hours:covid19","de","geöffnet an/am (COVID19)"
"opening_hours:covid19","el","ημέρες λειτουργίας (COVID19)"
"opening_hours:covid19","en","open days (COVID19)"
"opening_hours:covid19","en-gb","open days (COVID19)"
"opening_hours:covid19","es","días abiertos (COVID19)"
"opening_hours:covid19","et","lahtiolekuajad (COVID19)"
"opening_hours:covid19","fa","روزهای باز (COVID19)"
"opening_hours:covid19","fi","avoinna (COVID19)"
"opening_hours:covid19","fr","jours d'ouverture (COVID19)"
"opening_hours:covid19","he","פתוח בימים (COVID19)"
"opening_hours:covid19","hi","खुलने का समय (COVID19)"
"opening_hours:covid19","hr","radno vrijeme (COVID19)"
"opening_hours:covid19","hu","nyitvatartás (COVID19)"
"opening_hours:covid19","id","hari buka (COVID19)"
"opening_hours:covid19","it","giorni di apertura (COVID19)"
"opening_hours:covid19","ja","営業日 (COVID19)"
"opening_hours:covid19","ko","개관 요일 (COVID19)"
"opening_hours:covid19","lt","darbo valandos (COVID19)"
"opening_hours:covid19","lv","darba laiks (COVID19)"
"opening_hours:covid19","mr","उघडण्याची वेळ (COVID19)"
"opening_hours:covid19","ms","hari buka (COVID19)"
"opening_hours:covid19","nb","åpningsdager (COVID19)"
"opening_hours:covid19","nl","geopend op (COVID19)"
"opening_hours:covid19","pl","otwarte w dniach (COVID19)"
"opening_hours:covid19","pt","dias de abertura (COVID19)"
"opening_hours:covid19","pt-br","hora de abertura (COVID19)"
"opening_hours:covid19","ro","zile deschis (COVID19)"
"opening_hours:covid19","ru","дни работы (COVID19)"
"opening_hours:covid19","sk","otvárací čas (COVID19)"
"opening_hours:covid19","sl","odpiralni dnevi (COVID19)"
"opening_hours:covid19","sv","öppetdagar (COVID19)"
"opening_hours:covid19","ta","தொடக்க நேரம் (COVID19)"
"opening_hours:covid19","th","เวลาให้บริการ (COVID19)"
"opening_hours:covid19","tr","açık olduğu günler (COVID19)"
"opening_hours:covid19","uk","дні роботи (COVID19)"
"opening_hours:covid19","ur","ابتدائی گھنٹے (COVID19)"
"opening_hours:covid19","vi","ngày mở cửa trong tuần (COVID19)"
"organic","cs","bioprodukt"
"organic","de","bioprodukt"
"organic","en","organic product"
"organic","fi","orgaaninen tuote"
"organic","id","produk organik"
"organic","it","prodotto organico"
"organic","ja","有機農産物"
"organic","pt-br","produto natural"
"organic","sl","organski izdelek"
"organic","sv","ekologiska produkter"
"organic","zh","有機產品"
"outdoor_seating","de","sitzplätze im freien"
"outdoor_seating","en","outdoor seating"
"outdoor_seating","pt","assentos ao ar livre"
"payment","cs","forma úhrady"
"payment","el","μέθοδος πληρωμής"
"payment","en","payment method"
"payment","es","método de pago"
"payment","fi","maksutapa"
"payment","hu","fizetőeszköz"
"payment","it","metodo di pagamento"
"payment","ja","支払方法"
"payment","ms","kaedah pembayaran"
"payment","nl","betaalwijze"
"payment","pt","método de pagamento"
"payment","sl","način plačila"
"payment","vi","phương thức thanh toán"
"payment","zh","支付方式"
"payment:LINE_Pay","en","line pay"
"payment:LINE_Pay","ja","line pay"
"payment:LINE_Pay","ko","라인페이"
"payment:LINE_Pay","zh","line pay"
"payment:OV-Chipkaart","de","ov-chipkaart"
"payment:OV-Chipkaart","en","ov-chipkaart"
"payment:OV-Chipkaart","fr","ov-chipkaart"
"payment:OV-Chipkaart","hu","ov-chipkaart"
"payment:OV-Chipkaart","id","ov-chipkaart"
"payment:OV-Chipkaart","it","ov-chipkaart saldo"
"payment:OV-Chipkaart","ja","ovチップカード"
"payment:OV-Chipkaart","nl","ov-chipkaart"
"payment:OV-Chipkaart","pl","ov-chipkaart"
"payment:OV-Chipkaart","zh","ov晶片卡"
"payment:alipay","ar","أليباي"
"payment:alipay","ca","alipay"
"payment:alipay","de","alipay"
"payment:alipay","en","alipay"
"payment:alipay","es","alipay"
"payment:alipay","fa","علی پی (سکو پرداخت)"
"payment:alipay","fr","alipay"
"payment:alipay","he","alipay"
"payment:alipay","id","alipay"
"payment:alipay","it","alipay"
"payment:alipay","ja","支付宝"
"payment:alipay","ko","알리페이"
"payment:alipay","lt","alipay"
"payment:alipay","ml","അലിപേ"
"payment:alipay","ms","alipay"
"payment:alipay","nl","alipay"
"payment:alipay","pl","alipay"
"payment:alipay","pt","alipay"
"payment:alipay","ru","alipay"
"payment:alipay","sv","alipay"
"payment:alipay","tr","alipay"
"payment:alipay","uk","alipay"
"payment:alipay","ur","علی پے"
"payment:alipay","vi","alipay"
"payment:alipay","zh","支付宝"
"payment:alipay","zh-cn","支付宝"
"payment:alipay","zh-hk","支付寶"
"payment:alipay","zh-tw","支付寶"
"payment:american_express","de","american express"
"payment:american_express","en","american express credit card"
"payment:american_express","es","tarjeta de crédito american express"
"payment:american_express","fr","carte de crédit american express"
"payment:american_express","ja","american expressクレジットカード"
"payment:american_express","ko","american express 신용카드"
"payment:american_express","nl","american express-creditcard"
"payment:american_express","sl","kreditna kartica american express"
"payment:apple_pay","ar","أبل باي"
"payment:apple_pay","be","apple pay"
"payment:apple_pay","ca","apple pay"
"payment:apple_pay","cs","apple pay"
"payment:apple_pay","da","apple pay"
"payment:apple_pay","de","apple pay"
"payment:apple_pay","en","apple pay"
"payment:apple_pay","en-ca","apple pay"
"payment:apple_pay","es","apple pay"
"payment:apple_pay","et","apple pay"
"payment:apple_pay","fa","اپل پی"
"payment:apple_pay","fi","apple pay"
"payment:apple_pay","fr","apple pay"
"payment:apple_pay","he","אפל פיי"
"payment:apple_pay","hu","apple pay"
"payment:apple_pay","id","apple pay"
"payment:apple_pay","it","apple pay"
"payment:apple_pay","ja","apple pay"
"payment:apple_pay","ko","애플 페이"
"payment:apple_pay","lt","apple pay"
"payment:apple_pay","ms","apple pay"
"payment:apple_pay","nb","apple pay"
"payment:apple_pay","nl","apple pay"
"payment:apple_pay","pl","apple pay"
"payment:apple_pay","pt","apple pay"
"payment:apple_pay","ru","apple pay"
"payment:apple_pay","sk","apple pay"
"payment:apple_pay","sl","apple pay"
"payment:apple_pay","sv","apple pay"
"payment:apple_pay","th","แอปเปิลเพย์"
"payment:apple_pay","tr","apple pay"
"payment:apple_pay","uk","apple pay"
"payment:apple_pay","vi","apple pay"
"payment:apple_pay","zh","apple pay"
"payment:apple_pay","zh-cn","apple pay"
"payment:apple_pay","zh-hk","apple pay"
"payment:apple_pay","zh-tw","apple pay"
"payment:bancomat","de","bancomat"
"payment:bancomat","en","bancomat"
"payment:bancomat","es","bancomat"
"payment:bancomat","fr","bancomat"
"payment:bancomat","it","bancomat"
"payment:bankaxept","en","bankaxept"
"payment:bankaxept","nb","bankaxept"
"payment:bankaxept","sl","bankaxept"
"payment:bankaxept","sv","bankaxept"
"payment:bitcoin","af","bitcoin"
"payment:bitcoin","ar","بيتكوين"
"payment:bitcoin","be","bitcoin"
"payment:bitcoin","bg","биткойн"
"payment:bitcoin","ca","bitcoin"
"payment:bitcoin","cs","bitcoin"
"payment:bitcoin","da","bitcoin"
"payment:bitcoin","de","bitcoin"
"payment:bitcoin","de-ch","bitcoin"
"payment:bitcoin","el","bitcoin"
"payment:bitcoin","en","bitcoin"
"payment:bitcoin","en-ca","bitcoin"
"payment:bitcoin","en-gb","bitcoin"
"payment:bitcoin","es","bitcoin"
"payment:bitcoin","et","bitcoin"
"payment:bitcoin","fa","بیتکوین"
"payment:bitcoin","fi","bitcoin"
"payment:bitcoin","fr","bitcoin"
"payment:bitcoin","he","ביטקוין"
"payment:bitcoin","hi","बिटकाइन"
"payment:bitcoin","hr","bitcoin"
"payment:bitcoin","hu","bitcoin"
"payment:bitcoin","id","bitcoin"
"payment:bitcoin","it","bitcoin"
"payment:bitcoin","ja","ビットコイン"
"payment:bitcoin","kn","ಬಿಟ್ಕಾಯಿನ್"
"payment:bitcoin","ko","비트코인"
"payment:bitcoin","lt","bitcoin"
"payment:bitcoin","lv","bitcoin"
"payment:bitcoin","ml","ബിറ്റ്കോയിന്"
"payment:bitcoin","mr","बिटकॉईन"
"payment:bitcoin","ms","bitcoin"
"payment:bitcoin","nb","bitcoin"
"payment:bitcoin","nl","bitcoin"
"payment:bitcoin","pl","bitcoin"
"payment:bitcoin","pt","bitcoin"
"payment:bitcoin","pt-br","bitcoin"
"payment:bitcoin","ro","bitcoin"
"payment:bitcoin","ru","биткойн"
"payment:bitcoin","sk","bitcoin"
"payment:bitcoin","sl","bitcoin"
"payment:bitcoin","sv","bitcoin"
"payment:bitcoin","ta","பிட்காயின்"
"payment:bitcoin","th","บิตคอยน์"
"payment:bitcoin","tr","bitcoin"
"payment:bitcoin","uk","біткоїн"
"payment:bitcoin","ur","تثم سکّہ"
"payment:bitcoin","vi","bitcoin"
"payment:bitcoin","zh","比特幣"
"payment:bitcoin","zh-cn","bitcoin"
"payment:bitcoin","zh-hk","bitcoin"
"payment:bitcoin","zh-tw","bitcoin"
"payment:cash","ar","نقد"
"payment:cash","be","наяўныя грошы"
"payment:cash","ca","diners en efectiu"
"payment:cash","cs","hotové peníze"
"payment:cash","da","kontanter"
"payment:cash","de","bargeld"
"payment:cash","el","μετρητά χρήματα"
"payment:cash","en","cash"
"payment:cash","es","dinero en efectivo"
"payment:cash","et","sularaha"
"payment:cash","fa","وجه نقد"
"payment:cash","fi","käteinen"
"payment:cash","fr","argent liquide"
"payment:cash","he","מזומנים"
"payment:cash","hi","रोकड़"
"payment:cash","hu","készpénz"
"payment:cash","it","contante"
"payment:cash","ja","現金"
"payment:cash","kn","ನಗದು"
"payment:cash","ko","현금"
"payment:cash","nb","kontanter"
"payment:cash","nl","chartaal geld"
"payment:cash","pl","gotówka"
"payment:cash","pt","dinheiro em espécie"
"payment:cash","pt-br","dinheiro em espécie"
"payment:cash","ro","numerar"
"payment:cash","ru","наличные деньги"
"payment:cash","sl","gotovina"
"payment:cash","sv","kontanter"
"payment:cash","th","เงินสด"
"payment:cash","tr","nakit"
"payment:cash","uk","готівка"
"payment:cash","ur","نقدی"
"payment:cash","vi","tiền mặt"
"payment:cash","zh","現金"
"payment:cash","zh-hk","現金"
"payment:clipper","de","clipper-card"
"payment:clipper","en","clipper card"
"payment:clipper","es","tarjeta clipper"
"payment:clipper","ja","クリッパーカード"
"payment:clipper","vi","thẻ clipper"
"payment:clipper","zh","路路通"
"payment:clipper","zh-hk","路路通"
"payment:coins:denominations","de","münznominal"
"payment:contactless","ar","دفع من غير تلامس"
"payment:contactless","ca","pagament sense contacte"
"payment:contactless","cs","bezkontaktní platba"
"payment:contactless","da","kontaktløs betaling"
"payment:contactless","de","kontaktloses bezahlen"
"payment:contactless","en","contactless payment"
"payment:contactless","es","pago sin contacto"
"payment:contactless","fi","lähimaksaminen"
"payment:contactless","fr","paiement sans contact"
"payment:contactless","he","תשלום ללא מגע"
"payment:contactless","id","pembayaran nirkontak"
"payment:contactless","it","pagamento contactless"
"payment:contactless","ja","非接触型決済"
"payment:contactless","ko","비접촉 결제"
"payment:contactless","ms","pembayaran tanpa sentuh"
"payment:contactless","nb","kontaktløs betaling"
"payment:contactless","nl","contactloos betalen"
"payment:contactless","pl","płatność zbliżeniowa"
"payment:contactless","pt","pagamento por aproximação"
"payment:contactless","pt-br","pagamento por aproximação"
"payment:contactless","ru","бесконтактная оплата"
"payment:contactless","sk","bezkontaktná platba"
"payment:contactless","sl","brezstično plačilo"
"payment:contactless","sv","kontaktlös betalning"
"payment:contactless","ta","தொடுகையுணர் செலுத்தல்"
"payment:contactless","tr","temassız ödeme"
"payment:contactless","uk","безконтактна оплата"
"payment:contactless","zh","非接觸式支付"
"payment:cryptocurrencies","af","kriptogeld"
"payment:cryptocurrencies","ar","عملة مشفرة"
"payment:cryptocurrencies","be","крыптавалюта"
"payment:cryptocurrencies","bg","криптовалута"
"payment:cryptocurrencies","ca","criptomoneda"
"payment:cryptocurrencies","cs","kryptoměna"
"payment:cryptocurrencies","da","kryptovaluta"
"payment:cryptocurrencies","de","kryptowährung"
"payment:cryptocurrencies","de-ch","kryptowährung"
"payment:cryptocurrencies","el","κρυπτονόμισμα"
"payment:cryptocurrencies","en","cryptocurrency"
"payment:cryptocurrencies","en-ca","cryptocurrency"
"payment:cryptocurrencies","en-gb","cryptocurrency"
"payment:cryptocurrencies","en-us","cryptocurrency"
"payment:cryptocurrencies","es","criptomoneda"
"payment:cryptocurrencies","et","krüptoraha"
"payment:cryptocurrencies","fa","ارز رمزنگاری شده"
"payment:cryptocurrencies","fi","kryptovaluutta"
"payment:cryptocurrencies","fr","cryptomonnaie"
"payment:cryptocurrencies","he","מטבע מבוזר"
"payment:cryptocurrencies","hi","आभासी मुद्रा"
"payment:cryptocurrencies","hr","kriptovaluta"
"payment:cryptocurrencies","hu","kriptovaluta"
"payment:cryptocurrencies","id","mata uang kripto"
"payment:cryptocurrencies","it","criptovaluta"
"payment:cryptocurrencies","ja","暗号通貨"
"payment:cryptocurrencies","kn","ಕ್ರಿಪ್ಟೋಕರೆನ್ಸಿ"
"payment:cryptocurrencies","ko","암호화폐"
"payment:cryptocurrencies","lt","kriptovaliuta"
"payment:cryptocurrencies","lv","kriptonauda"
"payment:cryptocurrencies","ml","ക്രിപ്റ്റോകറൻസികൾ"
"payment:cryptocurrencies","mr","क्रिप्टोकरन्सी"
"payment:cryptocurrencies","ms","mata wang kripto"
"payment:cryptocurrencies","nb","kryptovaluta"
"payment:cryptocurrencies","nl","cryptogeld"
"payment:cryptocurrencies","pl","kryptowaluta"
"payment:cryptocurrencies","pt","criptomoeda"
"payment:cryptocurrencies","pt-br","criptomoeda"
"payment:cryptocurrencies","ro","criptomonedă"
"payment:cryptocurrencies","ru","криптовалюта"
"payment:cryptocurrencies","sk","kryptomena"
"payment:cryptocurrencies","sl","kriptovaluta"
"payment:cryptocurrencies","sv","kryptovaluta"
"payment:cryptocurrencies","ta","ஆல்ட்காயின்"
"payment:cryptocurrencies","th","คริปโทเคอร์เรนซี"
"payment:cryptocurrencies","tr","kripto para birimi"
"payment:cryptocurrencies","uk","криптовалюта"
"payment:cryptocurrencies","ur","کرپٹو کرنسی"
"payment:cryptocurrencies","vi","tiền tệ mật mã"
"payment:cryptocurrencies","zh","加密貨幣"
"payment:cryptocurrencies","zh-cn","密码货币"
"payment:cryptocurrencies","zh-hk","加密貨幣"
"payment:cryptocurrencies","zh-tw","加密貨幣"
"payment:debit_cards","ar","بطاقة المدين"
"payment:debit_cards","bg","дебитна карта"
"payment:debit_cards","ca","targeta de dèbit"
"payment:debit_cards","cs","debetní karta"
"payment:debit_cards","da","debetkort"
"payment:debit_cards","de","debitkarte"
"payment:debit_cards","de-ch","debitkarte"
"payment:debit_cards","el","χρεωστική κάρτα"
"payment:debit_cards","en","debit card"
"payment:debit_cards","en-ca","debit card"
"payment:debit_cards","en-gb","debit card"
"payment:debit_cards","es","tarjeta de débito"
"payment:debit_cards","et","deebetkaart"
"payment:debit_cards","fa","کارت نقدی"
"payment:debit_cards","fi","pankkikortti"
"payment:debit_cards","fr","carte de débit"
"payment:debit_cards","he","כרטיס חיוב מיידי"
"payment:debit_cards","hi","डेबिट कार्ड"
"payment:debit_cards","hr","debitna kartica"
"payment:debit_cards","hu","betéti kártya"
"payment:debit_cards","id","kartu debit"
"payment:debit_cards","it","carta di debito"
"payment:debit_cards","ja","デビットカード"
"payment:debit_cards","kn","ಡೆಬಿಟ್ ಕಾರ್ಡ್"
"payment:debit_cards","ko","직불 카드"
"payment:debit_cards","lt","debeto kortelė"
"payment:debit_cards","lv","debetkarte"
"payment:debit_cards","ml","ഡെബിറ്റ് കാർഡ്"
"payment:debit_cards","ms","kad debit"
"payment:debit_cards","nb","debetkort"
"payment:debit_cards","nl","debetkaart"
"payment:debit_cards","pl","karta debetowa"
"payment:debit_cards","pt","cartão de débito"
"payment:debit_cards","pt-br","cartão de débito"
"payment:debit_cards","ro","card de debit"
"payment:debit_cards","ru","дебетовая карта"
"payment:debit_cards","sk","debetná karta"
"payment:debit_cards","sl","debetna kartica"
"payment:debit_cards","sv","kontokort"
"payment:debit_cards","ta","பற்று அட்டை"
"payment:debit_cards","th","บัตรเดบิต"
"payment:debit_cards","tr","banka kartı"
"payment:debit_cards","uk","дебетова картка"
"payment:debit_cards","ur","ڈیبٹ کارڈ"
"payment:debit_cards","vi","thẻ ghi nợ"
"payment:debit_cards","zh","借记卡"
"payment:debit_cards","zh-cn","借记卡"
"payment:debit_cards","zh-tw","簽帳金融卡"
"payment:diners_club","de","diners club"
"payment:diners_club","en","diners club credit card"
"payment:diners_club","es","tarjeta de crédito diners club"
"payment:diners_club","fr","carte de crédit diners club"
"payment:diners_club","ja","diners clubクレジットカード"
"payment:diners_club","sl","kreditna kartica diners club"
"payment:discover_card","ar","بطاقة ديسكفر"
"payment:discover_card","de","discover card"
"payment:discover_card","en","discover card"
"payment:discover_card","es","discover card"
"payment:discover_card","fa","دیسکاور کارت"
"payment:discover_card","fi","discover"
"payment:discover_card","fr","discover card"
"payment:discover_card","id","discover card"
"payment:discover_card","it","discover card"
"payment:discover_card","ja","ディスカバーカード"
"payment:discover_card","ko","디스커버"
"payment:discover_card","ms","discover card"
"payment:discover_card","nl","discover card"
"payment:discover_card","sl","discover card"
"payment:discover_card","sv","discover card"
"payment:discover_card","zh","发现卡"
"payment:dogecoin","ar","دجكوين"
"payment:dogecoin","be","dogecoin"
"payment:dogecoin","bg","dogecoin"
"payment:dogecoin","ca","dogecoin"
"payment:dogecoin","cs","dogecoin"
"payment:dogecoin","da","dogecoin"
"payment:dogecoin","de","dogecoin"
"payment:dogecoin","el","dogecoin"
"payment:dogecoin","en","dogecoin"
"payment:dogecoin","en-ca","dogecoin"
"payment:dogecoin","en-gb","dogecoin"
"payment:dogecoin","es","dogecoin"
"payment:dogecoin","fa","دوژکوین"
"payment:dogecoin","fi","dogecoin"
"payment:dogecoin","fr","dogecoin"
"payment:dogecoin","he","דוז'קוין"
"payment:dogecoin","hi","डॉजक्वाइन"
"payment:dogecoin","hr","dogecoin"
"payment:dogecoin","hu","dogecoin"
"payment:dogecoin","id","dogecoin"
"payment:dogecoin","it","dogecoin"
"payment:dogecoin","ja","ドージコイン"
"payment:dogecoin","ko","도지코인"
"payment:dogecoin","lt","dogecoin"
"payment:dogecoin","lv","dogecoin"
"payment:dogecoin","ml","ഡോഗ്കോയിന്"
"payment:dogecoin","mr","डोजकोइन"
"payment:dogecoin","nb","dogecoin"
"payment:dogecoin","nl","dogecoin"
"payment:dogecoin","pl","dogecoin"
"payment:dogecoin","pt","dogecoin"
"payment:dogecoin","pt-br","dogecoin"
"payment:dogecoin","ro","dogecoin"
"payment:dogecoin","ru","dogecoin"
"payment:dogecoin","sl","dogecoin"
"payment:dogecoin","sv","dogecoin"
"payment:dogecoin","th","dogecoin"
"payment:dogecoin","tr","dogecoin"
"payment:dogecoin","uk","dogecoin"
"payment:dogecoin","ur","ڈوجی کوائن"
"payment:dogecoin","vi","dogecoin"
"payment:dogecoin","zh","多吉币"
"payment:dogecoin","zh-hk","狗狗幣"
"payment:dogecoin","zh-tw","汪汪幣"
"payment:e_zpass","cs","e-zpass"
"payment:e_zpass","de","e-zpass"
"payment:e_zpass","en","e-zpass"
"payment:e_zpass","en-ca","e-zpass"
"payment:e_zpass","en-gb","e-zpass"
"payment:e_zpass","es","e-zpass"
"payment:e_zpass","fr","e-zpass"
"payment:e_zpass","id","e-zpass"
"payment:e_zpass","it","e-zpass"
"payment:e_zpass","ja","e-zパス"
"payment:e_zpass","nl","e-zpass"
"payment:e_zpass","zh","快易通"
"payment:ebt","en","electronic benefit transfer"
"payment:ebt","ja","ebtカード"
"payment:ebt","zh","电子福利转帐"
"payment:ep_beep","en","beep"
"payment:ep_beep","zh","嗶卡"
"payment:ep_geldkarte","de","geldkarte"
"payment:ep_geldkarte","en","geldkarte"
"payment:ep_geldkarte","fr","geldkarte"
"payment:ep_geldkarte","ja","ゲルトカルテ"
"payment:ep_geldkarte","ko","선불카드"
"payment:ep_geldkarte","nl","chipknip"
"payment:ep_geldkarte","pl","karta przedpłacona"
"payment:ep_geldkarte","ru","geldkarte"
"payment:ep_geldkarte","sv","geldkarte"
"payment:ep_geldkarte","tr","geldkarte"
"payment:ep_monedero","ca","targeta moneder"
"payment:ep_monedero","en","monedero"
"payment:ep_monedero","es","tarjeta monedero"
"payment:ezlink","ca","ez-link"
"payment:ezlink","de","ez-link"
"payment:ezlink","en","ez-link"
"payment:ezlink","es","ez-link"
"payment:ezlink","fr","ez-link"
"payment:ezlink","id","ez-link"
"payment:ezlink","ja","ez-link"
"payment:ezlink","ms","ez-link"
"payment:ezlink","zh","易通卡"
"payment:ezlink","zh-cn","易通卡"
"payment:ezlink","zh-hk","易通卡"
"payment:ezlink","zh-tw","易通卡"
"payment:fastrak","de","fastrak"
"payment:fastrak","en","fastrak"
"payment:fastrak","en-ca","fastrak"
"payment:fastrak","en-gb","fastrak"
"payment:fastrak","es","fastrak"
"payment:fastrak","fr","fastrak"
"payment:fastrak","ja","ファストラック"
"payment:fastrak","nl","fastrak"
"payment:fastrak","th","ฟาสแทร็ก"
"payment:fastrak","zh","fastrak"
"payment:gift_card","ar","قسائم الهدايا أو كروت الإهداء"
"payment:gift_card","cs","dárková karta"
"payment:gift_card","da","gavekort"
"payment:gift_card","de","geschenkkarte"
"payment:gift_card","el","gift card"
"payment:gift_card","en","gift card"
"payment:gift_card","en-ca","gift card"
"payment:gift_card","en-gb","gift card"
"payment:gift_card","es","tarjeta regalo"
"payment:gift_card","fa","گیفت کارت"
"payment:gift_card","fi","lahjakortti"
"payment:gift_card","fr","carte cadeau"
"payment:gift_card","he","תו קנייה"
"payment:gift_card","hu","ajándékkártya"
"payment:gift_card","it","carta regalo"
"payment:gift_card","ja","ギフトカード (プラスチックカード型)"
"payment:gift_card","ko","기프트 카드"
"payment:gift_card","lv","elektroniskās dāvanu kartes"
"payment:gift_card","nb","gavekort"
"payment:gift_card","nl","cadeaubon"
"payment:gift_card","pt","vale presente"
"payment:gift_card","ru","подарочный сертификат"
"payment:gift_card","sl","darilna kartica"
"payment:gift_card","sv","presentkort"
"payment:gift_card","ta","பரிசு அட்டை"
"payment:gift_card","vi","thẻ quà tặng"
"payment:gift_card","zh","礼物卡"
"payment:gift_card","zh-cn","礼物卡"
"payment:girocard","de","girocard"
"payment:girocard","en","girocard"
"payment:girocard","fr","girocard"
"payment:girocard","nl","girocard"
"payment:girocard","ru","girocard"
"payment:girocard","uk","girocard"
"payment:good_to_go","cs","good to go!"
"payment:good_to_go","de","good to go!"
"payment:good_to_go","en","good to go!"
"payment:good_to_go","en-ca","good to go!"
"payment:good_to_go","en-gb","good to go!"
"payment:good_to_go","fr","good to go!"
"payment:good_to_go","nl","good to go!"
"payment:google_pay","ar","جوجل باي"
"payment:google_pay","be","google pay (спосаб аплаты)"
"payment:google_pay","ca","google pay"
"payment:google_pay","cs","google pay"
"payment:google_pay","da","google pay"
"payment:google_pay","de","google pay"
"payment:google_pay","en","google pay"
"payment:google_pay","es","google pay"
"payment:google_pay","fi","google pay"
"payment:google_pay","fr","google pay"
"payment:google_pay","he","גוגל פיי"
"payment:google_pay","hi","गूगल पे"
"payment:google_pay","it","google pay"
"payment:google_pay","ja","google pay"
"payment:google_pay","ko","구글 페이"
"payment:google_pay","lt","google pay"
"payment:google_pay","ml","ഗൂഗിൾ പേ"
"payment:google_pay","nb","google pay"
"payment:google_pay","nl","google pay"
"payment:google_pay","pl","google pay"
"payment:google_pay","pt","google pay"
"payment:google_pay","ru","google pay"
"payment:google_pay","sk","google pay"
"payment:google_pay","sl","google pay"
"payment:google_pay","sv","google pay"
"payment:google_pay","ta","கூகுள் பே"
"payment:google_pay","tr","google pay"
"payment:google_pay","uk","google pay"
"payment:google_pay","ur","گوگل پے"
"payment:google_pay","vi","google pay"
"payment:google_pay","zh","google pay"
"payment:google_pay","zh-cn","google pay"
"payment:google_pay","zh-hk","google pay"
"payment:google_pay","zh-tw","google pay"
"payment:i-pass","de","i-pass"
"payment:i-pass","en","i-pass"
"payment:i-pass","en-ca","i-pass"
"payment:i-pass","en-gb","i-pass"
"payment:ic","ca","targeta de proximitat de transport"
"payment:ic","en","public transport proximity card"
"payment:ic","es","tarjeta de proximidad para el transporte público"
"payment:ic","ja","公共交通機関の近接型icカード"
"payment:ic","ru","бесконтактная карта для общественного транспорта"
"payment:ic","zh","公共交通感应卡"
"payment:ic","zh-cn","公共交通感应卡"
"payment:ipass","en","ipass"
"payment:ipass","ja","一卡通"
"payment:ipass","zh","ipass一卡通"
"payment:ipass","zh-tw","ipass一卡通"
"payment:jcb","de","jcb"
"payment:jcb","en","jcb credit card"
"payment:jcb","ja","jcbクレジットカード"
"payment:jcb","sl","kreditna kartica jcb"
"payment:jcb","sv","jcb-kort"
"payment:linepay","en","line pay"
"payment:linepay","ja","line pay"
"payment:linepay","ko","라인페이"
"payment:linepay","zh","line pay"
"payment:litecoin","ar","لايتكوين"
"payment:litecoin","bg","лайткойн"
"payment:litecoin","ca","litecoin"
"payment:litecoin","cs","litecoin"
"payment:litecoin","da","litecoin"
"payment:litecoin","de","litecoin"
"payment:litecoin","en","litecoin"
"payment:litecoin","en-ca","litecoin"
"payment:litecoin","en-gb","litecoin"
"payment:litecoin","es","litecoin"
"payment:litecoin","et","litecoin"
"payment:litecoin","fa","لایتکوین"
"payment:litecoin","fi","litecoin"
"payment:litecoin","fr","litecoin"
"payment:litecoin","he","לייטקוין"
"payment:litecoin","hr","litecoin"
"payment:litecoin","hu","litecoin"
"payment:litecoin","id","litecoin"
"payment:litecoin","it","litecoin"
"payment:litecoin","ja","ライトコイン"
"payment:litecoin","ko","라이트코인"
"payment:litecoin","lt","litecoin"
"payment:litecoin","lv","litecoin"
"payment:litecoin","ml","ലൈറ്റ്കോയിന്"
"payment:litecoin","mr","लाइटकॉइन"
"payment:litecoin","nb","litecoin"
"payment:litecoin","nl","litecoin"
"payment:litecoin","pl","litecoin"
"payment:litecoin","pt","litecoin"
"payment:litecoin","pt-br","litecoin"
"payment:litecoin","ro","litecoin"
"payment:litecoin","ru","litecoin"
"payment:litecoin","sk","litecoin"
"payment:litecoin","sl","litecoin"
"payment:litecoin","sv","litecoin"
"payment:litecoin","ta","லைட்காயின்"
"payment:litecoin","tr","litecoin"
"payment:litecoin","uk","litecoin"
"payment:litecoin","ur","لائٹ کوائن"
"payment:litecoin","vi","litecoin"
"payment:litecoin","zh","litecoin"
"payment:maestro","ar","مايسترو"
"payment:maestro","ca","mastercard maestro"
"payment:maestro","cs","mastercard maestro"
"payment:maestro","de","mastercard maestro"
"payment:maestro","en","mastercard maestro icr c"
"payment:maestro","es","mastercard maestro"
"payment:maestro","fa","مائسترو"
"payment:maestro","fr","mastercard maestro"
"payment:maestro","it","mastercard maestro"
"payment:maestro","ja","マスターカード・マエストロ"
"payment:maestro","ko","마에스트로"
"payment:maestro","mr","माएस्ट्रो"
"payment:maestro","ms","maestro"
"payment:maestro","nl","mastercard maestro"
"payment:maestro","pt","mastercard maestro"
"payment:maestro","ru","mastercard maestro"
"payment:maestro","sl","mastercard maestro"
"payment:maestro","sv","mastercard maestro"
"payment:maestro","uk","maestro"
"payment:maestro","zh","万事顺卡"
"payment:maestro","zh-cn","万事顺卡"
"payment:mastercard","ca","targeta de crèdit mastercard"
"payment:mastercard","cs","kreditní karta mastercard"
"payment:mastercard","de","mastercard"
"payment:mastercard","en","mastercard credit card"
"payment:mastercard","es","tarjeta de crédito mastercard"
"payment:mastercard","fr","mastercard"
"payment:mastercard","ja","mastercardクレジットカード"
"payment:mastercard","ko","mastercard 신용카드"
"payment:mastercard","nl","mastercard-creditcard"
"payment:mastercard","sl","kreditna kartica mastercard"
"payment:mastercard","zh","萬事達信用卡"
"payment:mastercard","zh-hk","萬事達信用卡"
"payment:meal_voucher","cs","stravenka"
"payment:meal_voucher","de","verpflegungsgutschein"
"payment:meal_voucher","en","meal voucher"
"payment:meal_voucher","es","vale de comida"
"payment:meal_voucher","fi","lounasseteli"
"payment:meal_voucher","fr","titre restaurant"
"payment:meal_voucher","it","buono pasto"
"payment:meal_voucher","ja","食料バウチャー"
"payment:meal_voucher","nl","maaltijdcheque"
"payment:meal_voucher","pt","vale refeição"
"payment:meal_voucher","ro","tichet de masă"
"payment:meal_voucher","sv","lunchkupong"
"payment:meal_voucher","zh","餐券"
"payment:mipay","en","mi-pay"
"payment:mipay","it","mi-pay"
"payment:mipay","ru","mi pay"
"payment:mipay","zh","小米支付"
"payment:nc_quick_pass","en","nc quick pass"
"payment:oyster","ar","بطاقة الأویستر"
"payment:oyster","ca","oyster card"
"payment:oyster","cs","oyster card"
"payment:oyster","da","oyster card"
"payment:oyster","de","oyster card"
"payment:oyster","en","oyster card"
"payment:oyster","es","oyster card"
"payment:oyster","fi","oyster"
"payment:oyster","fr","oyster card"
"payment:oyster","he","אויסטר קארד"
"payment:oyster","hu","oyster card"
"payment:oyster","id","kartu oyster"
"payment:oyster","it","oyster card"
"payment:oyster","ja","オイスターカード"
"payment:oyster","ko","오이스터 카드"
"payment:oyster","ms","kad oyster"
"payment:oyster","nb","oyster"
"payment:oyster","nl","oyster card"
"payment:oyster","pl","oyster card"
"payment:oyster","pt","oyster card"
"payment:oyster","ru","oyster card"
"payment:oyster","sk","oyster card"
"payment:oyster","ta","ஒய்ஸ்டர் அட்டை"
"payment:oyster","zh","蠔卡"
"payment:oyster","zh-cn","牡蛎卡"
"payment:oyster","zh-hk","蠔卡"
"payment:oyster","zh-tw","牡蠣卡"
"payment:paypal","af","paypal"
"payment:paypal","ar","باي بال"
"payment:paypal","be","paypal"
"payment:paypal","bg","пей пал"
"payment:paypal","ca","paypal"
"payment:paypal","cs","paypal"
"payment:paypal","da","paypal"
"payment:paypal","de","paypal"
"payment:paypal","el","paypal"
"payment:paypal","en","paypal"
"payment:paypal","en-ca","paypal"
"payment:paypal","en-gb","paypal"
"payment:paypal","es","paypal"
"payment:paypal","et","paypal"
"payment:paypal","fa","پیپل"
"payment:paypal","fi","paypal"
"payment:paypal","fr","paypal"
"payment:paypal","he","paypal"
"payment:paypal","hi","पेपाल"
"payment:paypal","hr","paypal"
"payment:paypal","hu","paypal"
"payment:paypal","id","paypal"
"payment:paypal","it","paypal"
"payment:paypal","ja","paypal"
"payment:paypal","ko","페이팔"
"payment:paypal","lt","paypal"
"payment:paypal","lv","paypal"
"payment:paypal","ml","പേയ്പാൽ"
"payment:paypal","mr","पेपॅल"
"payment:paypal","ms","paypal"
"payment:paypal","nb","paypal"
"payment:paypal","nl","paypal"
"payment:paypal","pl","paypal"
"payment:paypal","pt","paypal"
"payment:paypal","pt-br","paypal"
"payment:paypal","ro","paypal"
"payment:paypal","ru","paypal"
"payment:paypal","sk","paypal"
"payment:paypal","sl","paypal"
"payment:paypal","sv","paypal"
"payment:paypal","ta","பேபால்"
"payment:paypal","th","เพย์แพล"
"payment:paypal","tr","paypal"
"payment:paypal","uk","paypal"
"payment:paypal","ur","پے پال"
"payment:paypal","vi","paypal"
"payment:paypal","zh","paypal"
"payment:paypal","zh-hk","paypal"
"payment:paypay","ar","باي باي"
"payment:paypay","en","paypay"
"payment:paypay","ja","paypay"
"payment:paypay","ko","paypay"
"payment:paypay","zh","paypay"
"payment:peach_pass","en","peach pass"
"payment:pikepass","en","pikepass"
"payment:postfinance_card","de","postfinance card direct"
"payment:presto","af","presto-kaart"
"payment:presto","en","presto card"
"payment:presto","en-ca","presto card"
"payment:presto","fa","کارت پرستو"
"payment:presto","fr","carte presto"
"payment:presto","ja","prestoカード"
"payment:presto","ko","프레스토 카드"
"payment:presto","zh","大多倫多地區儲值卡"
"payment:presto","zh-cn","presto智能卡"
"payment:samsung_pay","ar","سامسونج باي"
"payment:samsung_pay","ca","samsung pay"
"payment:samsung_pay","cs","samsung pay"
"payment:samsung_pay","de","samsung pay"
"payment:samsung_pay","en","samsung pay"
"payment:samsung_pay","es","samsung pay"
"payment:samsung_pay","fr","samsung pay"
"payment:samsung_pay","he","samsung pay"
"payment:samsung_pay","hi","सैमसंग पे"
"payment:samsung_pay","id","samsung pay"
"payment:samsung_pay","it","samsung pay"
"payment:samsung_pay","ja","samsung pay"
"payment:samsung_pay","ko","삼성 페이"
"payment:samsung_pay","nb","samsung pay"
"payment:samsung_pay","nl","samsung pay"
"payment:samsung_pay","pt","samsung pay"
"payment:samsung_pay","ru","samsung pay"
"payment:samsung_pay","sk","samsung pay"
"payment:samsung_pay","th","ซัมซุงเพย์"
"payment:samsung_pay","tr","samsung pay"
"payment:samsung_pay","uk","samsung pay"
"payment:samsung_pay","vi","samsung pay"
"payment:samsung_pay","zh","三星智付"
"payment:service_voucher","en","service voucher"
"payment:service_voucher","fr","titre-service"
"payment:service_voucher","nl","dienstencheque"
"payment:sms","af","sms"
"payment:sms","ar","خدمة الرسالة القصيرة"
"payment:sms","be","sms"
"payment:sms","bg","sms"
"payment:sms","ca","sms"
"payment:sms","cs","sms"
"payment:sms","da","sms"
"payment:sms","de","short message service"
"payment:sms","de-ch","short message service"
"payment:sms","el","sms"
"payment:sms","en","sms"
"payment:sms","es","servicio de mensajes cortos"
"payment:sms","et","sms"
"payment:sms","fa","پیامک"
"payment:sms","fi","tekstiviesti"
"payment:sms","fr","short message service"
"payment:sms","he","מסרון"
"payment:sms","hi","संक्षिप्त सन्देश सेवा"
"payment:sms","hr","sms"
"payment:sms","hu","sms"
"payment:sms","id","layanan pesan singkat"
"payment:sms","it","sms"
"payment:sms","ja","ショートメッセージサービス"
"payment:sms","kn","ಸಂಕ್ಷಿಪ್ತ ಸಂದೇಶ ಸೇವೆ"
"payment:sms","ko","단문 메시지 서비스"
"payment:sms","lt","trumpoji žinutė"
"payment:sms","lv","īsziņa"
"payment:sms","ml","എസ്.എം.എസ്."
"payment:sms","ms","sistem pesanan ringkas"
"payment:sms","nb","short message service"
"payment:sms","nl","sms"
"payment:sms","pl","sms"
"payment:sms","pt","serviço de mensagens curtas"
"payment:sms","pt-br","serviço de mensagens curtas"
"payment:sms","ro","short message service"
"payment:sms","ru","sms"
"payment:sms","sk","krátka textová správa"
"payment:sms","sl","sms"
"payment:sms","sv","sms"
"payment:sms","ta","குறுஞ் செய்திகள்"
"payment:sms","th","บริการข้อความสั้น"
"payment:sms","tr","sms"
"payment:sms","uk","служба коротких повідомлень"
"payment:sms","ur","مختصر پیغام خدمت"
"payment:sms","vi","sms"
"payment:sms","zh","簡訊"
"payment:snap","da","supplemental nutrition assistance program"
"payment:snap","de","supplemental nutrition assistance program"
"payment:snap","en","supplemental nutrition assistance program"
"payment:snap","es","programa asistencial de nutrición suplementaria"
"payment:snap","fa","کالابرگ"
"payment:snap","fr","supplemental nutrition assistance program"
"payment:snap","he","תוכנית הסיוע לתזונה משלימה"
"payment:snap","it","supplemental nutrition assistance program"
"payment:snap","ja","フードスタンプ"
"payment:snap","nl","supplemental nutrition assistance program"
"payment:snap","ru","американская программа льготной покупки продуктов"
"payment:snap","ta","கூடுதல் சத்துணவு உதவித் திட்டம்"
"payment:snap","tr","ek beslenme yardımı programı"
"payment:snap","uk","програма допомоги у додатковому харчуванні"
"payment:snap","ur","فوڈ اسٹیمپ"
"payment:snap","zh","美國補充營養協助計畫"
"payment:sube","en","sube card"
"payment:sube","es","sistema único de boleto electrónico"
"payment:sube","ru","sube card"
"payment:sube","uk","sube card"
"payment:sube","zh","sube卡"
"payment:sunpass","de","sunpass"
"payment:sunpass","en","sunpass"
"payment:sunpass","fr","sunpass"
"payment:szep","hu","széchenyi pihenőkártya"
"payment:telephone_cards","bg","фонокарта"
"payment:telephone_cards","ca","targeta telefònica"
"payment:telephone_cards","cs","telefonní karta"
"payment:telephone_cards","da","telefonkort"
"payment:telephone_cards","de","telefonkarte"
"payment:telephone_cards","el","τηλεφωνική κάρτα"
"payment:telephone_cards","en","telephone card"
"payment:telephone_cards","en-ca","telephone card"
"payment:telephone_cards","en-gb","telephone card"
"payment:telephone_cards","es","tarjeta telefónica"
"payment:telephone_cards","et","kõnekaart"
"payment:telephone_cards","fa","کارت تلفن"
"payment:telephone_cards","fi","puhelukortti"
"payment:telephone_cards","fr","télécarte"
"payment:telephone_cards","he","כרטיס חיוג"
"payment:telephone_cards","it","scheda telefonica"
"payment:telephone_cards","ja","テレホンカード"
"payment:telephone_cards","ko","전화카드"
"payment:telephone_cards","nb","telefonkort"
"payment:telephone_cards","nl","telefoonkaart"
"payment:telephone_cards","pl","fonotelistyka"
"payment:telephone_cards","pt","cartão telefônico"
"payment:telephone_cards","ru","телефонная карта"
"payment:telephone_cards","sv","telefonkort"
"payment:telephone_cards","uk","телефонна картка"
"payment:telephone_cards","vi","thẻ điện thoại"
"payment:telephone_cards","zh","电话卡"
"payment:token_coin","ar","عملة رمزية"
"payment:token_coin","bg","жетон"
"payment:token_coin","ca","téssera"
"payment:token_coin","cs","žeton"
"payment:token_coin","da","polet"
"payment:token_coin","de","jeton"
"payment:token_coin","en","token coin"
"payment:token_coin","en-gb","token coin"
"payment:token_coin","es","monetiforme"
"payment:token_coin","et","žetoon"
"payment:token_coin","fa","ژتون"
"payment:token_coin","fi","rahake"
"payment:token_coin","fr","jeton"
"payment:token_coin","hr","žeton"
"payment:token_coin","hu","zseton"
"payment:token_coin","it","gettone"
"payment:token_coin","ja","代用貨幣"
"payment:token_coin","nb","pollett"
"payment:token_coin","nl","betaalpenning"
"payment:token_coin","pl","żeton"
"payment:token_coin","ru","жетон"
"payment:token_coin","sk","žetón"
"payment:token_coin","sl","žeton"
"payment:token_coin","sv","pollett"
"payment:token_coin","tr","jeton"
"payment:token_coin","uk","марка"
"payment:token_coin","vi","đồng token"
"payment:token_coin","zh","代用货币"
"payment:token_coin","zh-hk","輔幣"
"payment:troika","en","troika card"
"payment:troika","ja","トロイカカード"
"payment:troika","ru","тройка"
"payment:troika","zh","三套车卡"
"payment:troika","zh-cn","三套车卡"
"payment:troika","zh-hk","三套車卡"
"payment:troika","zh-tw","三套車卡"
"payment:u-key","de","u-key"
"payment:u-key","en","u-key"
"payment:u-key","fr","u-key"
"payment:v_pay","de","v pay"
"payment:v_pay","en","v pay"
"payment:v_pay","fr","v pay"
"payment:v_pay","it","v pay"
"payment:v_pay","nl","v pay"
"payment:v_pay","ru","v pay"
"payment:v_pay","uk","v pay"
"payment:visa","be","visa electron"
"payment:visa","ca","targeta de crèdit visa"
"payment:visa","cs","visa electron"
"payment:visa","de","visa"
"payment:visa","en","visa electron"
"payment:visa","es","tarjeta de crédito visa"
"payment:visa","fi","visa electron"
"payment:visa","fr","visa electron"
"payment:visa","it","carta di credito visa"
"payment:visa","ja","visaクレジットカード"
"payment:visa","ko","visa 신용카드"
"payment:visa","nl","visa-creditcard"
"payment:visa","pl","visa electron"
"payment:visa","pt","visa electron"
"payment:visa","ru","visa electron"
"payment:visa","sl","visa electron"
"payment:visa","sv","visa electron"
"payment:visa","uk","visa electron"
"payment:visa","vi","thẻ tín dụng visa"
"payment:visa","zh","维萨电子卡"
"payment:visa","zh-cn","维萨电子卡"
"payment:visa_debit","de","visa debit"
"payment:visa_debit","en","visa debit"
"payment:visa_debit","fa","ویزا دبیت"
"payment:visa_debit","ms","visa debit"
"payment:visa_debit","ru","visa debit"
"payment:visa_debit","sv","visa delta"
"payment:visa_debit","ta","விசா டெபிட்"
"payment:visa_debit","uk","visa debit"
"payment:visa_debit","zh","visa金融卡"
"payment:visa_debit","zh-hk","visa金融卡"
"payment:visa_electron","be","visa electron"
"payment:visa_electron","ca","targeta de crèdit visa"
"payment:visa_electron","cs","visa electron"
"payment:visa_electron","de","visa"
"payment:visa_electron","en","visa electron"
"payment:visa_electron","es","tarjeta de crédito visa"
"payment:visa_electron","fi","visa electron"
"payment:visa_electron","fr","visa electron"
"payment:visa_electron","it","carta di credito visa"
"payment:visa_electron","ja","visaクレジットカード"
"payment:visa_electron","ko","visa 신용카드"
"payment:visa_electron","nl","visa-creditcard"
"payment:visa_electron","pl","visa electron"
"payment:visa_electron","pt","visa electron"
"payment:visa_electron","ru","visa electron"
"payment:visa_electron","sl","visa electron"
"payment:visa_electron","sv","visa electron"
"payment:visa_electron","uk","visa electron"
"payment:visa_electron","vi","thẻ tín dụng visa"
"payment:visa_electron","zh","维萨电子卡"
"payment:visa_electron","zh-cn","维萨电子卡"
"payment:wechat","cs","wechat pay"
"payment:wechat","de","wechat pay"
"payment:wechat","en","wechat pay"
"payment:wechat","id","wechat pay"
"payment:wechat","ja","ウィーチャット・ペイ"
"payment:wechat","ko","웨이신즈푸"
"payment:wechat","ms","wechat pay"
"payment:wechat","vi","wechat pay"
"payment:wechat","zh","微信支付"
"payment:wechat","zh-cn","微信支付"
"payment:wic","en","wic"
"payment:wic","es","wic"
"payment:wic","he","חברת הודו המערבית ההולנדית"
"payment:wic","ja","女性・乳児・児童栄養補助プログラム"
"payment:wic","ru","специальная дополнительная программа питания для женщин, младенцев и детей в сша (wic)"
"payment:wic","uk","спеціальна додаткова програма харчування для жінок, немовлят та дітей"
"payment:wire_transfer","ar","حوالة مصرفية"
"payment:wire_transfer","ca","transferència bancària"
"payment:wire_transfer","cs","bankovní příkaz"
"payment:wire_transfer","de","überweisung (zahlungsverkehr)"
"payment:wire_transfer","en","wire transfer"
"payment:wire_transfer","es","transferencia bancaria"
"payment:wire_transfer","fa","انتقال وجه"
"payment:wire_transfer","fr","virement bancaire"
"payment:wire_transfer","he","העברה בנקאית"
"payment:wire_transfer","hu","banki átutalás"
"payment:wire_transfer","it","bonifico"
"payment:wire_transfer","ja","振込"
"payment:wire_transfer","ko","전신 송금"
"payment:wire_transfer","nl","bankoverschrijving"
"payment:wire_transfer","pl","polecenie przelewu"
"payment:wire_transfer","pt","transferência bancária"
"payment:wire_transfer","pt-br","transferência bancária"
"payment:wire_transfer","ru","денежный перевод"
"payment:wire_transfer","sk","bankový prevod"
"payment:wire_transfer","tr","virman"
"payment:wire_transfer","uk","грошовий переказ"
"payment:wire_transfer","vi","điện chuyển khoản ngân hàng"
"payment:wire_transfer","zh","电汇"
"phone","af","telefoon nommer"
"phone","ar","رقم الهاتف"
"phone","be","тэлефонны нумар"
"phone","bg","телефонен номер"
"phone","ca","número de telèfon"
"phone","cs","telefonní číslo"
"phone","da","telefonnummer"
"phone","de","telefonnummer"
"phone","el","αριθμός τηλεφώνου"
"phone","en","phone number"
"phone","en-ca","phone number"
"phone","en-gb","phone number"
"phone","en-us","phone number"
"phone","es","número de teléfono"
"phone","et","telefoninumber"
"phone","fa","شماره تلفن"
"phone","fi","puhelinnumero"
"phone","fr","numéro de téléphone"
"phone","he","מספר טלפון"
"phone","hi","फ़ोन नंबर"
"phone","hr","telefonski broj"
"phone","hu","telefonszám"
"phone","id","nomor telepon"
"phone","it","numero di telefono"
"phone","ja","電話番号"
"phone","ko","전화번호"
"phone","lt","telefono numeris"
"phone","lv","telefona numurs"
"phone","mr","दूरध्वनी क्रमांक"
"phone","ms","nombor telefon"
"phone","nb","telefonnummer"
"phone","nl","telefoonnummer"
"phone","pl","numer telefonu"
"phone","pt","número de telefone"
"phone","pt-br","número de telefone"
"phone","ro","număr de telefon"
"phone","ru","номер телефона"
"phone","sk","telefónne číslo"
"phone","sl","telefonska številka"
"phone","sv","telefonnummer"
"phone","ta","தொலைபேசி எண்"
"phone","th","หมายเลขโทรศัพท์"
"phone","tr","telefon numarası"
"phone","uk","номер телефону"
"phone","ur","فون نمبر"
"phone","vi","số điện thoại"
"phone","zh","電話號碼"
"phone","zh-cn","电话号码"
"phone","zh-hk","電話號碼"
"phone","zh-tw","電話號碼"
"public_transport","ar","مواصلات عامة"
"public_transport","be","грамадскі транспарт"
"public_transport","bg","обществен транспорт"
"public_transport","ca","transport públic"
"public_transport","cs","veřejná doprava"
"public_transport","da","kollektiv trafik"
"public_transport","de","öffentlicher verkehr"
"public_transport","de-ch","öffentlicher verkehr"
"public_transport","el","δημόσια συγκοινωνία"
"public_transport","en","public transport"
"public_transport","en-ca","public transport"
"public_transport","en-gb","public transport"
"public_transport","es","transporte público"
"public_transport","et","ühistransport"
"public_transport","fa","حمل و نقل عمومی"
"public_transport","fi","julkinen liikenne"
"public_transport","fr","transport en commun"
"public_transport","he","תחבורה ציבורית"
"public_transport","hr","javni prijevoz"
"public_transport","hu","tömegközlekedés"
"public_transport","id","transportasi umum"
"public_transport","it","trasporto pubblico"
"public_transport","ja","公共交通機関"
"public_transport","ko","대중교통"
"public_transport","lt","viešasis transportas"
"public_transport","lv","sabiedriskais transports"
"public_transport","ms","pengangkutan awam"
"public_transport","nb","kollektivtransport"
"public_transport","nl","openbaar vervoer"
"public_transport","pl","publiczny transport zbiorowy"
"public_transport","pt","transporte coletivo"
"public_transport","pt-br","transporte público"
"public_transport","ro","transport public"
"public_transport","ru","общественный транспорт"
"public_transport","sk","verejná doprava"
"public_transport","sl","javni promet"
"public_transport","sv","kollektivtrafik"
"public_transport","th","การขนส่งสาธารณะ"
"public_transport","tr","toplu taşımacılık"
"public_transport","uk","громадський транспорт"
"public_transport","vi","giao thông công cộng"
"public_transport","zh","公共交通"
"public_transport","zh-cn","公共交通"
"public_transport","zh-hk","公共交通"
"public_transport","zh-tw","公共運輸"
"website","af","amptelike webwerf"
"website","ar","الموقع الرسمي"
"website","be","афіцыйны сайт"
"website","bg","официален уебсайт"
"website","ca","lloc web oficial"
"website","cs","oficiální web"
"website","da","officiel hjemmeside"
"website","de","offizielle website"
"website","de-at","offizielle homepage"
"website","el","επίσημος ιστότοπος"
"website","en","official website"
"website","en-ca","official website"
"website","en-gb","official website"
"website","en-us","website"
"website","es","página web oficial"
"website","et","koduleht"
"website","fa","وبگاه رسمی"
"website","fi","viralliset kotisivut"
"website","fr","site officiel"
"website","he","אתר רשמי"
"website","hi","आधिकारिक वेबसाइट"
"website","hr","službena mrežna stranica"
"website","hu","hivatalos weboldal"
"website","id","laman resmi"
"website","it","sito web ufficiale"
"website","ja","公式ウェブサイト"
"website","kn","ಅಧಿಕೃತ ಜಾಲತಾಣ"
"website","ko","공식 웹사이트"
"website","lt","oficiali svetainė"
"website","lv","oficiālā tīmekļa vietne"
"website","ml","ഔദ്യോഗിക വെബ്സൈറ്റ്"
"website","mr","अधिकृत संकेतस्थळ"
"website","ms","tapak web rasmi"
"website","nb","offisielt nettsted"
"website","nl","officiële website"
"website","pl","oficjalna strona internetowa"
"website","pt","sítio web oficial"
"website","pt-br","página web oficial"
"website","ro","site oficial"
"website","ru","официальный сайт"
"website","sk","oficiálny web"
"website","sl","uradno spletišče"
"website","sv","officiell webbplats"
"website","ta","அதிகாரபூர்வ இணையம்"
"website","th","เว็บไซต์ทางการ"
"website","tr","resmî sitesi"
"website","uk","офіційний сайт"
"website","ur","باضابطہ ویب سائٹ"
"website","vi","trang chủ chính thức"
"website","zh","官方网站"
"website","zh-cn","官方网站"
"website","zh-hk","官方網站"
"website","zh-tw","官方網站"
"wheelchair","af","rolstoeltoeganklikheid"
"wheelchair","ar","إمكانية دخول الكراسي المتحركة"
"wheelchair","be","даступнасць для крэслаў-каталак"
"wheelchair","ca","accessibilitat amb cadira de rodes"
"wheelchair","cs","bezbariérový přístup"
"wheelchair","de","rollstuhlzugänglichkeit"
"wheelchair","el","προσβασιμότητα με αναπηρική καρέκλα"
"wheelchair","en","disabled accessibility"
"wheelchair","en-gb","wheelchair accessibility"
"wheelchair","es","accesibilidad para silla de ruedas"
"wheelchair","fa","وجود ویلچر"
"wheelchair","fi","esteettömyys pyörätuolille"
"wheelchair","fr","accessibilité aux fauteuils roulants"
"wheelchair","he","נגישות לכיסא גלגלים"
"wheelchair","hu","akadálymentesség"
"wheelchair","id","aksesibilitas kursi roda"
"wheelchair","it","accessibilità ai disabili"
"wheelchair","ja","車椅子利用可否"
"wheelchair","ko","휠체어 사용자 이용 가능 여부"
"wheelchair","lv","pieejamība ratiņkrēslā"
"wheelchair","nb","tilretteleggelse for rullestol"
"wheelchair","nl","rolstoeltoegankelijkheid"
"wheelchair","pl","dostępność na wózku inwalidzkim"
"wheelchair","pt","acessibilidade por cadeira de rodas"
"wheelchair","ru","доступность для  кресел-каталок"
"wheelchair","sl","dostopnost z invalidskim vozičkom"
"wheelchair","sv","tillgänglighet för rullstol"
"wheelchair","tr","engelli erişimi"
"wheelchair","uk","доступність для інвалідних візків"
"wheelchair","zh","輪椅使用性"
"wheelchair","zh-hk","輪椅使用性"
"wheelchair","zh-tw","輪椅使用性"
"wikidata","af","wikidata"
"wikidata","ar","معرف ويكي بيانات"
"wikidata","be","вікіданыя"
"wikidata","bg","уикиданни"
"wikidata","ca","identificador de wikidata"
"wikidata","cs","identifikátor wikidat"
"wikidata","da","wikidata identifikator"
"wikidata","de","wikidata-identifikator"
"wikidata","de-at","wikidata"
"wikidata","de-ch","wikidata"
"wikidata","el","wikidata"
"wikidata","en","Wikidata"
"wikidata","en","wikidata q identifier"
"wikidata","en-ca","wikidata"
"wikidata","en-gb","wikidata"
"wikidata","en-us","wikidata"
"wikidata","es","identificador de wikidata"
"wikidata","et","wikidata"
"wikidata","fa","ویکیداده"
"wikidata","fi","wikidata-tunniste"
"wikidata","fr","identifiant wikidata"
"wikidata","he","ויקינתונים"
"wikidata","hi","विकिडेटा"
"wikidata","hr","wikipodatci"
"wikidata","hu","wikidata"
"wikidata","id","wikidata"
"wikidata","it","identificatore q di wikidata"
"wikidata","ja","ウィキデータq識別子"
"wikidata","kn","ವಿಕಿಡಾಟಾ"
"wikidata","ko","위키데이터"
"wikidata","lt","vikiduomenys"
"wikidata","lv","vikidati"
"wikidata","ml","വിക്കിഡാറ്റ"
"wikidata","mr","विकिडाटा"
"wikidata","ms","pengecam wikidata"
"wikidata","nb","wikidata"
"wikidata","nl","wikidata-identificatiecode"
"wikidata","pl","q identyfikator w wikidanych"
"wikidata","pt","identificador wikidata"
"wikidata","pt-br","wikidata"
"wikidata","ro","wikidata"
"wikidata","ru","идентификатор викиданных"
"wikidata","sk","wikiúdaje"
"wikidata","sl","wikipodatki"
"wikidata","sv","wikidata-identifierare"
"wikidata","ta","விக்கித்தரவுகள்"
"wikidata","th","วิกิสนเทศ"
"wikidata","tr","vikiveri q tanımlayıcı"
"wikidata","uk","ідентифікатор вікіданих"
"wikidata","ur","ویکیڈیٹا"
"wikidata","vi","mã số wikidata"
"wikidata","zh","維基數據標識符"
"wikidata","zh-cn","维基数据"
"wikidata","zh-hk","維基數據"
"wikidata","zh-tw","維基數據標識符"
"wikipedia","en","Wikipedia"
